<?xml version="1.0" encoding="UTF-8"?>
<root>
  <item name="it.gmariotti.cardslib.library.cards.ProgressCard progressBarId">
    <annotation name="android.support.annotation.LayoutRes" />
  </item>
  <item name="it.gmariotti.cardslib.library.cards.ProgressCard progressBarViewStubLayoutId">
    <annotation name="android.support.annotation.LayoutRes" />
  </item>
  <item name="it.gmariotti.cardslib.library.cards.ProgressCard void setProgressBarViewStubLayoutId(int) 0">
    <annotation name="android.support.annotation.LayoutRes" />
  </item>
</root>

