<?xml version="1.0" encoding="UTF-8"?>
<root>
  <item name="it.gmariotti.cardslib.library.cards.topcolored.TopColoredCard TopColoredCard(android.content.Context, int) 1">
    <annotation name="android.support.annotation.LayoutRes" />
  </item>
  <item name="it.gmariotti.cardslib.library.cards.topcolored.TopColoredCard mColorResourceId">
    <annotation name="android.support.annotation.ColorRes" />
  </item>
  <item name="it.gmariotti.cardslib.library.cards.topcolored.TopColoredCard mSecondHalfViewStubLayoutId">
    <annotation name="android.support.annotation.LayoutRes" />
  </item>
  <item name="it.gmariotti.cardslib.library.cards.topcolored.TopColoredCard mSubTitleOverColorResId">
    <annotation name="android.support.annotation.StringRes" />
  </item>
  <item name="it.gmariotti.cardslib.library.cards.topcolored.TopColoredCard mTitleOverColorResId">
    <annotation name="android.support.annotation.StringRes" />
  </item>
  <item name="it.gmariotti.cardslib.library.cards.topcolored.TopColoredCard.SetupWizard it.gmariotti.cardslib.library.cards.topcolored.TopColoredCard.SetupWizard setColorResId(int) 0">
    <annotation name="android.support.annotation.ColorRes" />
  </item>
  <item name="it.gmariotti.cardslib.library.cards.topcolored.TopColoredCard.SetupWizard it.gmariotti.cardslib.library.cards.topcolored.TopColoredCard.SetupWizard setupSubLayoutId(int) 0">
    <annotation name="android.support.annotation.LayoutRes" />
  </item>
  <item name="it.gmariotti.cardslib.library.cards.topcolored.TopColoredCard.SetupWizard mColorResourceId">
    <annotation name="android.support.annotation.ColorRes" />
  </item>
  <item name="it.gmariotti.cardslib.library.cards.topcolored.TopColoredCard.SetupWizard mSecondHalfViewStubLayoutId">
    <annotation name="android.support.annotation.LayoutRes" />
  </item>
  <item name="it.gmariotti.cardslib.library.cards.topcolored.TopColoredCard.SetupWizard mSubTitleOverColorResId">
    <annotation name="android.support.annotation.StringRes" />
  </item>
  <item name="it.gmariotti.cardslib.library.cards.topcolored.TopColoredCard.SetupWizard mTitleOverColorResId">
    <annotation name="android.support.annotation.StringRes" />
  </item>
</root>

